epoch,lr,train_loss,train_accuracy,train_macro_f1,train_balanced_accuracy,val_loss,val_accuracy,val_macro_f1,val_balanced_accuracy
1,0.001,1.889881259831951,0.26834170854271355,0.25831219107877573,0.3007857078766327,1.7732605922949707,0.2863849765258216,0.2540424397360995,0.32483156141244374
