algorithm,n_clusters,silhouette,ARI,NMI,purity
KMeans,8,0.03793234,0.024894197037431214,0.06718562470633732,0.28270042194092826
GaussianMixture_diag,8,0.0057100826,0.0410056018253263,0.08305682442672101,0.3178621659634318
